sku,category,annual_unit_usage,unit_cost,lead_time_weeks,scarcity_score_1to5,quality_incidents_per_year,n_qualified_suppliers
SKU-0001,Raw material,865,9.29,4,3,0,1
SKU-0002,Sub-assembly,558,18.9,8,3,0,3
SKU-0003,Purchased part,346,0.72,4,2,0,2
SKU-0004,Purchased part,1078,1.1,3,2,8,2
SKU-0005,Purchased part,648,21.52,6,2,1,2
SKU-0006,MRO supply,609,9.25,2,2,1,3
SKU-0007,Finished good,117,11.1,1,2,2,4
SKU-0008,Raw material,120,3.88,6,4,1,1
SKU-0009,Packaging,719,3.23,6,2,0,4
SKU-0010,Purchased part,537,6.2,8,3,1,1
SKU-0011,Finished good,571,2.09,3,2,1,2
SKU-0012,Finished good,587,1.22,6,1,3,2
SKU-0013,Sub-assembly,749,1.78,6,4,3,2
SKU-0014,Packaging,516,5.72,2,2,6,1
SKU-0015,Purchased part,582,9.52,6,3,2,2
SKU-0016,MRO supply,642,25.97,16,5,1,1
SKU-0017,Purchased part,1253,7.33,3,3,2,3
SKU-0018,Purchased part,300,8.09,2,3,1,3
SKU-0019,Purchased part,1087,26.94,4,3,6,2
SKU-0020,Purchased part,936,2.43,8,3,0,4
SKU-0021,Sub-assembly,553,2.05,4,3,2,1
SKU-0022,Purchased part,311,3.04,16,5,0,3
SKU-0023,Packaging,718,4.65,12,4,6,2
SKU-0024,Raw material,1174,37.61,6,4,7,4
SKU-0025,Purchased part,173,3.64,6,3,1,4
SKU-0026,Purchased part,529,18.45,2,2,2,2
SKU-0027,Raw material,531,3.24,2,2,6,4
SKU-0028,Sub-assembly,259,8.25,6,3,2,1
SKU-0029,Purchased part,270,9.94,3,1,0,1
SKU-0030,Purchased part,109,8.59,2,1,1,3
SKU-0031,Raw material,169,10.65,1,2,3,2
SKU-0032,MRO supply,111,2.64,2,2,2,3
SKU-0033,MRO supply,271,21.4,4,2,3,2
SKU-0034,Sub-assembly,286,13.36,12,5,8,1
SKU-0035,Purchased part,292,2.6,3,2,4,1
SKU-0036,Finished good,720,8.36,6,1,1,4
SKU-0037,Sub-assembly,413,1.84,1,1,2,2
SKU-0038,Purchased part,243,5.6,8,2,0,4
SKU-0039,Finished good,244,1.69,12,5,0,1
SKU-0040,Purchased part,164,10.31,3,2,1,1
SKU-0041,Packaging,410,96.15,3,2,1,2
SKU-0042,Purchased part,403,21.71,12,2,1,2
SKU-0043,Purchased part,2502,10.44,2,1,0,3
SKU-0044,Packaging,2290,2.16,12,4,0,1
SKU-0045,Purchased part,2165,7.39,12,3,4,3
SKU-0046,Purchased part,3946,16.34,12,5,1,2
SKU-0047,Sub-assembly,151,4.68,8,3,1,4
SKU-0048,Raw material,971,5.79,3,2,2,1
SKU-0049,Packaging,1060,1.06,4,2,0,3
SKU-0050,Sub-assembly,798,2.26,3,1,3,1
SKU-0051,Sub-assembly,4138,0.93,2,1,0,1
SKU-0052,Purchased part,6240,33.75,16,3,1,4
SKU-0053,Purchased part,1317,8.1,1,1,2,1
SKU-0054,Purchased part,952,10.37,2,2,6,2
SKU-0055,Purchased part,165,4.19,12,4,10,1
SKU-0056,Packaging,166,1.3,12,4,1,4
SKU-0057,Sub-assembly,997,6.06,2,1,10,1
SKU-0058,Purchased part,462,2.77,16,5,1,2
SKU-0059,Raw material,135,2.03,6,1,0,4
SKU-0060,MRO supply,440,5.39,6,2,0,1
SKU-0061,Purchased part,711,5.68,4,2,1,2
SKU-0062,Purchased part,1261,4.29,3,1,5,3
SKU-0063,Purchased part,447,2.43,1,2,1,2
SKU-0064,Raw material,381,2.0,3,2,3,1
SKU-0065,Finished good,501,5.13,3,2,2,2
SKU-0066,Finished good,591,16.97,1,3,8,4
SKU-0067,Raw material,159,1.15,1,3,0,1
SKU-0068,Purchased part,1139,2.72,2,2,0,1
SKU-0069,Packaging,4409,4.36,3,3,1,1
SKU-0070,Purchased part,1117,4.38,6,4,3,1
SKU-0071,Sub-assembly,121,2.89,4,3,10,1
SKU-0072,Purchased part,547,34.22,3,1,0,2
SKU-0073,MRO supply,89,7.54,6,4,0,1
SKU-0074,Finished good,84,2.0,8,2,1,1
SKU-0075,Finished good,958,0.9,3,4,1,2
SKU-0076,Sub-assembly,538,4.32,4,4,0,2
SKU-0077,Raw material,253,21.9,12,4,1,1
SKU-0078,Finished good,66,6.16,1,1,1,1
SKU-0079,Raw material,144,0.64,4,2,1,2
SKU-0080,Purchased part,585,1.4,6,3,0,1
SKU-0081,Purchased part,514,5.75,3,3,0,3
SKU-0082,Packaging,987,14.56,6,2,1,2
SKU-0083,Purchased part,2266,5.85,8,4,1,3
SKU-0084,Raw material,356,5.9,6,1,7,2
SKU-0085,Raw material,793,14.63,3,3,1,4
SKU-0086,Sub-assembly,434,17.55,6,3,4,1
SKU-0087,Purchased part,305,2.67,6,3,2,1
SKU-0088,Sub-assembly,391,7.83,3,2,2,1
SKU-0089,Sub-assembly,1293,2.05,1,2,1,3
SKU-0090,Finished good,181,1.84,12,5,1,1
SKU-0091,Finished good,1547,9.07,3,3,1,2
SKU-0092,Raw material,2164,1.34,2,1,1,1
SKU-0093,Finished good,516,6.02,2,1,1,3
SKU-0094,MRO supply,641,6.93,3,1,6,3
SKU-0095,Sub-assembly,125,11.87,4,3,0,1
SKU-0096,Packaging,5226,1.72,3,1,2,2
SKU-0097,Sub-assembly,1316,7.4,3,4,0,2
SKU-0098,Finished good,590,4.52,1,2,0,1
SKU-0099,Purchased part,527,22.04,16,5,0,1
SKU-0100,Sub-assembly,779,2.51,1,1,0,1
SKU-0101,MRO supply,262,1.78,12,4,0,1
SKU-0102,Raw material,659,8.32,1,2,0,2
SKU-0103,Sub-assembly,201,2.25,3,1,0,2
SKU-0104,Purchased part,815,1.51,6,2,0,2
SKU-0105,MRO supply,255,12.46,4,4,3,4
SKU-0106,Raw material,1212,7.77,6,4,0,2
SKU-0107,Sub-assembly,442,0.37,1,2,3,1
SKU-0108,MRO supply,650,2.12,8,5,6,2
SKU-0109,Sub-assembly,9523,1.79,4,1,1,4
SKU-0110,Purchased part,1106,9.58,12,4,0,1
SKU-0111,Packaging,649,21.75,16,5,1,1
SKU-0112,Purchased part,520,38.94,6,4,7,1
SKU-0113,Packaging,179,10.19,6,4,0,2
SKU-0114,Raw material,1462,1.81,16,5,0,1
SKU-0115,Purchased part,2451,1.75,6,2,1,2
SKU-0116,Raw material,531,2.06,4,3,0,2
SKU-0117,Raw material,2640,8.23,3,3,0,1
SKU-0118,Sub-assembly,445,17.71,3,3,0,1
SKU-0119,Purchased part,89,0.88,4,1,1,2
SKU-0120,Purchased part,261,9.26,4,2,0,2
SKU-0121,Packaging,176,12.68,1,2,1,1
SKU-0122,Finished good,379,6.94,1,3,4,3
SKU-0123,Purchased part,927,126.14,3,3,1,2
SKU-0124,Purchased part,200,8.61,2,3,2,1
SKU-0125,Purchased part,460,5.27,4,1,1,1
SKU-0126,Raw material,606,9.27,16,5,0,1
SKU-0127,Packaging,242,3.02,2,2,1,1
SKU-0128,MRO supply,203,1.8,6,3,0,2
SKU-0129,Purchased part,543,7.7,3,1,0,2
SKU-0130,Sub-assembly,1184,15.85,6,4,8,2
SKU-0131,Finished good,275,4.07,1,2,2,1
SKU-0132,Packaging,237,12.65,4,2,0,3
SKU-0133,Packaging,433,3.55,3,3,3,1
SKU-0134,Finished good,663,25.46,8,2,0,1
SKU-0135,Raw material,291,6.29,1,1,0,2
SKU-0136,Packaging,358,8.6,3,3,1,2
SKU-0137,Packaging,396,10.81,8,4,0,2
SKU-0138,MRO supply,171,1.43,4,2,0,1
SKU-0139,Purchased part,418,4.28,2,2,1,1
SKU-0140,Packaging,286,31.35,8,3,1,1
SKU-0141,Sub-assembly,2405,5.29,2,2,1,4
SKU-0142,Purchased part,299,20.29,1,1,13,2
SKU-0143,Raw material,783,12.14,1,2,0,1
SKU-0144,Purchased part,725,0.95,6,1,2,2
SKU-0145,Finished good,166,10.2,8,4,6,4
SKU-0146,Raw material,146,1.82,8,5,0,3
SKU-0147,Raw material,321,6.58,6,3,0,2
SKU-0148,Purchased part,961,3.42,8,3,2,1
SKU-0149,Raw material,283,5.21,12,4,4,1
SKU-0150,Purchased part,261,4.76,3,3,4,1
SKU-0151,Finished good,32,6.46,4,2,1,1
SKU-0152,Purchased part,336,3.31,12,3,3,1
SKU-0153,Sub-assembly,678,1.43,3,1,0,2
SKU-0154,Purchased part,774,1.95,2,2,0,2
SKU-0155,Packaging,762,12.53,12,4,6,2
SKU-0156,Raw material,360,27.93,1,1,0,2
SKU-0157,MRO supply,398,6.4,4,2,1,1
SKU-0158,Purchased part,1138,11.65,12,4,0,1
SKU-0159,Raw material,435,13.31,6,3,0,1
SKU-0160,Packaging,54,1.41,4,1,1,4
SKU-0161,Sub-assembly,1372,0.91,3,2,2,3
SKU-0162,Purchased part,173,4.86,2,1,1,3
SKU-0163,Purchased part,1954,0.9,4,1,0,4
SKU-0164,MRO supply,2687,3.92,6,2,1,3
SKU-0165,Purchased part,1061,1.28,4,2,8,3
SKU-0166,Raw material,1222,2.8,6,2,0,2
SKU-0167,Finished good,3163,2.49,16,5,4,1
SKU-0168,Raw material,169,8.48,4,2,1,1
SKU-0169,Raw material,640,2.74,6,3,2,1
SKU-0170,Purchased part,631,1.72,8,3,1,3
SKU-0171,Raw material,192,5.35,4,1,1,2
SKU-0172,Purchased part,3689,96.42,2,2,0,4
SKU-0173,Sub-assembly,281,8.26,6,2,1,1
SKU-0174,Finished good,242,0.86,8,3,1,3
SKU-0175,Finished good,649,5.58,16,5,2,1
SKU-0176,Raw material,1387,64.94,1,2,1,1
SKU-0177,MRO supply,275,6.02,3,2,0,2
SKU-0178,Raw material,276,17.98,1,2,3,3
SKU-0179,MRO supply,821,15.18,3,3,0,3
SKU-0180,Purchased part,123,16.4,3,1,5,2
SKU-0181,Packaging,233,14.32,2,2,5,2
SKU-0182,Packaging,218,6.72,16,5,0,1
SKU-0183,MRO supply,324,4.27,6,2,0,1
SKU-0184,Finished good,432,3.9,3,2,1,1
SKU-0185,Purchased part,3121,5.74,6,3,8,4
SKU-0186,Sub-assembly,1226,7.74,2,3,5,4
SKU-0187,Packaging,509,1.53,2,1,0,4
SKU-0188,Raw material,399,3.89,6,4,2,2
SKU-0189,Packaging,1186,4.91,4,3,1,2
SKU-0190,Purchased part,761,5.67,6,1,2,3
SKU-0191,Raw material,1206,3.78,3,1,1,2
SKU-0192,Sub-assembly,1966,11.24,2,2,2,2
SKU-0193,Purchased part,185,4.61,3,1,3,1
SKU-0194,Sub-assembly,57,3.55,6,3,0,1
SKU-0195,Packaging,487,1.59,8,4,2,1
SKU-0196,Purchased part,539,2.43,12,4,0,2
SKU-0197,Finished good,661,6.38,16,5,0,1
SKU-0198,Raw material,276,5.73,2,3,1,1
SKU-0199,Purchased part,395,0.79,8,3,3,3
SKU-0200,Purchased part,867,12.63,16,5,4,1
