date,forecast_units,actual_demand_units
2025-01-01,200,181
2025-01-02,220,276
2025-01-03,224,283
2025-01-04,211,240
2025-01-05,189,158
2025-01-06,176,215
2025-01-07,180,174
2025-01-08,200,230
2025-01-09,220,320
2025-01-10,224,217
2025-01-11,211,152
2025-01-12,189,278
2025-01-13,176,171
2025-01-14,180,175
2025-01-15,200,129
2025-01-16,220,256
2025-01-17,224,275
2025-01-18,211,225
2025-01-19,189,242
2025-01-20,176,161
2025-01-21,180,245
2025-01-22,200,238
2025-01-23,220,303
2025-01-24,224,153
2025-01-25,211,158
2025-01-26,189,233
2025-01-27,176,196
2025-01-28,180,143
2025-01-29,200,208
2025-01-30,220,265
2025-01-31,224,280
2025-02-01,211,227
2025-02-02,189,198
2025-02-03,176,201
2025-02-04,180,183
2025-02-05,200,290
2025-02-06,220,205
2025-02-07,224,230
2025-02-08,211,207
2025-02-09,189,263
2025-02-10,176,156
2025-02-11,180,225
2025-02-12,200,202
2025-02-13,220,203
2025-02-14,224,135
2025-02-15,211,212
2025-02-16,189,269
2025-02-17,176,148
2025-02-18,180,53
2025-02-19,200,217
2025-02-20,220,169
2025-02-21,224,148
2025-02-22,211,190
2025-02-23,189,132
2025-02-24,176,226
2025-02-25,180,192
2025-02-26,200,230
2025-02-27,220,193
2025-02-28,224,222
2025-03-01,211,187
2025-03-02,189,202
2025-03-03,176,76
2025-03-04,180,179
2025-03-05,200,247
2025-03-06,220,296
2025-03-07,224,262
2025-03-08,211,217
2025-03-09,189,112
2025-03-10,176,182
2025-03-11,180,92
2025-03-12,200,159
2025-03-13,220,210
2025-03-14,224,212
2025-03-15,211,250
2025-03-16,189,176
2025-03-17,176,118
2025-03-18,180,158
2025-03-19,200,165
2025-03-20,220,268
2025-03-21,224,158
2025-03-22,211,188
2025-03-23,189,230
2025-03-24,176,136
2025-03-25,180,197
2025-03-26,200,201
2025-03-27,220,204
2025-03-28,224,145
2025-03-29,211,212
2025-03-30,189,165
2025-03-31,176,188
2025-04-01,180,114
2025-04-02,200,223
2025-04-03,220,249
2025-04-04,224,287
2025-04-05,211,189
2025-04-06,189,157
2025-04-07,176,216
2025-04-08,180,133
2025-04-09,200,161
2025-04-10,220,205
2025-04-11,224,173
2025-04-12,211,275
2025-04-13,189,232
2025-04-14,176,78
2025-04-15,180,84
2025-04-16,200,171
2025-04-17,220,242
2025-04-18,224,255
2025-04-19,211,274
2025-04-20,189,202
2025-04-21,176,127
2025-04-22,180,199
2025-04-23,200,148
2025-04-24,220,182
2025-04-25,224,152
2025-04-26,211,170
2025-04-27,189,161
2025-04-28,176,150
2025-04-29,180,260
2025-04-30,200,204
2025-05-01,220,235
2025-05-02,224,231
2025-05-03,211,282
2025-05-04,189,146
2025-05-05,176,209
2025-05-06,180,142
2025-05-07,200,194
2025-05-08,220,242
2025-05-09,224,164
2025-05-10,211,193
2025-05-11,189,189
2025-05-12,176,198
2025-05-13,180,170
2025-05-14,200,327
2025-05-15,220,304
2025-05-16,224,125
2025-05-17,211,216
2025-05-18,189,214
2025-05-19,176,191
2025-05-20,180,243
2025-05-21,200,71
2025-05-22,220,171
2025-05-23,224,294
2025-05-24,211,266
2025-05-25,189,292
2025-05-26,176,250
2025-05-27,180,123
2025-05-28,200,247
2025-05-29,220,207
2025-05-30,224,234
2025-05-31,211,213
2025-06-01,189,168
2025-06-02,176,153
2025-06-03,180,215
2025-06-04,200,176
2025-06-05,220,229
2025-06-06,224,246
2025-06-07,211,187
2025-06-08,189,176
2025-06-09,176,227
2025-06-10,180,104
2025-06-11,200,170
2025-06-12,220,159
2025-06-13,224,234
2025-06-14,211,333
2025-06-15,189,134
2025-06-16,176,231
2025-06-17,180,244
2025-06-18,200,104
2025-06-19,220,159
2025-06-20,224,223
2025-06-21,211,166
2025-06-22,189,202
2025-06-23,176,237
2025-06-24,180,212
2025-06-25,200,191
2025-06-26,220,245
2025-06-27,224,240
2025-06-28,211,154
2025-06-29,189,162
2025-06-30,176,197
2025-07-01,180,177
2025-07-02,200,215
2025-07-03,220,260
2025-07-04,224,116
2025-07-05,211,278
2025-07-06,189,103
2025-07-07,176,176
2025-07-08,180,187
2025-07-09,200,193
2025-07-10,220,228
2025-07-11,224,199
2025-07-12,211,178
2025-07-13,189,184
2025-07-14,176,183
2025-07-15,180,149
2025-07-16,200,214
2025-07-17,220,180
2025-07-18,224,198
2025-07-19,211,200
2025-07-20,189,209
2025-07-21,176,161
2025-07-22,180,198
2025-07-23,200,272
2025-07-24,220,198
2025-07-25,224,282
2025-07-26,211,151
2025-07-27,189,218
2025-07-28,176,166
2025-07-29,180,275
2025-07-30,200,177
2025-07-31,220,181
2025-08-01,224,271
2025-08-02,211,229
2025-08-03,189,192
2025-08-04,176,66
2025-08-05,180,198
2025-08-06,200,194
2025-08-07,220,223
2025-08-08,224,188
2025-08-09,211,269
2025-08-10,189,188
2025-08-11,176,164
2025-08-12,180,109
2025-08-13,200,190
2025-08-14,220,169
2025-08-15,224,285
2025-08-16,211,221
2025-08-17,189,161
2025-08-18,176,166
2025-08-19,180,244
2025-08-20,200,205
2025-08-21,220,218
2025-08-22,224,306
2025-08-23,211,226
2025-08-24,189,228
2025-08-25,176,158
2025-08-26,180,162
2025-08-27,200,236
2025-08-28,220,216
2025-08-29,224,239
2025-08-30,211,206
2025-08-31,189,188
2025-09-01,176,168
2025-09-02,180,120
2025-09-03,200,257
2025-09-04,220,191
2025-09-05,224,169
2025-09-06,211,213
2025-09-07,189,158
2025-09-08,176,231
2025-09-09,180,208
2025-09-10,200,172
2025-09-11,220,178
2025-09-12,224,252
2025-09-13,211,178
2025-09-14,189,126
2025-09-15,176,99
2025-09-16,180,211
2025-09-17,200,128
2025-09-18,220,165
2025-09-19,224,254
2025-09-20,211,245
2025-09-21,189,135
2025-09-22,176,147
2025-09-23,180,223
2025-09-24,200,208
2025-09-25,220,197
2025-09-26,224,228
2025-09-27,211,228
2025-09-28,189,138
2025-09-29,176,128
2025-09-30,180,229
2025-10-01,200,277
2025-10-02,220,259
2025-10-03,224,214
2025-10-04,211,179
2025-10-05,189,190
2025-10-06,176,221
2025-10-07,180,236
2025-10-08,200,198
2025-10-09,220,236
2025-10-10,224,158
2025-10-11,211,203
2025-10-12,189,253
2025-10-13,176,168
2025-10-14,180,200
2025-10-15,200,239
2025-10-16,220,255
2025-10-17,224,227
2025-10-18,211,184
2025-10-19,189,90
2025-10-20,176,122
2025-10-21,180,165
2025-10-22,200,231
2025-10-23,220,227
2025-10-24,224,274
2025-10-25,211,155
2025-10-26,189,108
2025-10-27,176,201
2025-10-28,180,259
2025-10-29,200,207
2025-10-30,220,194
2025-10-31,224,263
2025-11-01,211,273
2025-11-02,189,133
2025-11-03,176,159
2025-11-04,180,224
2025-11-05,200,210
2025-11-06,220,182
2025-11-07,224,210
2025-11-08,211,170
2025-11-09,189,122
2025-11-10,176,188
2025-11-11,180,121
2025-11-12,200,193
2025-11-13,220,176
2025-11-14,224,242
2025-11-15,211,193
2025-11-16,189,176
2025-11-17,176,105
2025-11-18,180,189
2025-11-19,200,178
2025-11-20,220,182
2025-11-21,224,241
2025-11-22,211,249
2025-11-23,189,262
2025-11-24,176,182
2025-11-25,180,188
2025-11-26,200,156
2025-11-27,220,187
2025-11-28,224,274
2025-11-29,211,189
2025-11-30,189,268
2025-12-01,176,118
2025-12-02,180,172
2025-12-03,200,190
2025-12-04,220,188
2025-12-05,224,210
2025-12-06,211,201
2025-12-07,189,196
2025-12-08,176,171
2025-12-09,180,226
2025-12-10,200,311
2025-12-11,220,252
2025-12-12,224,242
2025-12-13,211,166
2025-12-14,189,164
2025-12-15,176,99
2025-12-16,180,202
2025-12-17,200,133
2025-12-18,220,250
2025-12-19,224,190
2025-12-20,211,227
2025-12-21,189,212
2025-12-22,176,91
2025-12-23,180,145
2025-12-24,200,216
2025-12-25,220,241
2025-12-26,224,260
2025-12-27,211,195
2025-12-28,189,185
2025-12-29,176,256
2025-12-30,180,189
2025-12-31,200,237
