month,echelon,sales_mn,inventory_mn
2016-01-01,Manufacturing,119.53,185.18
2016-02-01,Manufacturing,126.27,195.9
2016-03-01,Manufacturing,129.96,198.7
2016-04-01,Manufacturing,124.19,195.21
2016-05-01,Manufacturing,131.6,205.31
2016-06-01,Manufacturing,126.58,197.97
2016-07-01,Manufacturing,125.1,193.47
2016-08-01,Manufacturing,118.48,183.49
2016-09-01,Manufacturing,117.86,183.1
2016-10-01,Manufacturing,117.01,179.73
2016-11-01,Manufacturing,120.18,184.38
2016-12-01,Manufacturing,118.63,186.7
2017-01-01,Manufacturing,122.68,189.73
2017-02-01,Manufacturing,127.62,195.05
2017-03-01,Manufacturing,134.95,204.31
2017-04-01,Manufacturing,136.83,207.18
2017-05-01,Manufacturing,129.21,198.02
2017-06-01,Manufacturing,131.17,197.89
2017-07-01,Manufacturing,126.29,189.66
2017-08-01,Manufacturing,122.35,184.7
2017-09-01,Manufacturing,121.79,184.18
2017-10-01,Manufacturing,124.27,188.89
2017-11-01,Manufacturing,122.61,181.71
2017-12-01,Manufacturing,123.21,181.98
2018-01-01,Manufacturing,126.94,188.62
2018-02-01,Manufacturing,134.14,196.59
2018-03-01,Manufacturing,136.72,202.06
2018-04-01,Manufacturing,140.56,203.87
2018-05-01,Manufacturing,140.61,201.02
2018-06-01,Manufacturing,134.98,193.14
2018-07-01,Manufacturing,132.35,186.64
2018-08-01,Manufacturing,131.45,186.32
2018-09-01,Manufacturing,127.9,182.21
2018-10-01,Manufacturing,121.71,171.64
2018-11-01,Manufacturing,121.76,170.46
2018-12-01,Manufacturing,125.09,171.99
2019-01-01,Manufacturing,128.27,176.41
2019-02-01,Manufacturing,138.36,190.08
2019-03-01,Manufacturing,137.08,188.68
2019-04-01,Manufacturing,144.0,202.19
2019-05-01,Manufacturing,139.04,187.66
2019-06-01,Manufacturing,141.43,193.52
2019-07-01,Manufacturing,136.8,182.15
2019-08-01,Manufacturing,131.8,175.07
2019-09-01,Manufacturing,129.91,170.15
2019-10-01,Manufacturing,124.69,165.02
2019-11-01,Manufacturing,123.02,165.74
2019-12-01,Manufacturing,131.27,174.33
2020-01-01,Manufacturing,138.4,185.99
2020-02-01,Manufacturing,137.96,181.51
2020-03-01,Manufacturing,146.95,222.95
2020-04-01,Manufacturing,148.29,221.14
2020-05-01,Manufacturing,146.15,220.93
2020-06-01,Manufacturing,143.87,218.96
2020-07-01,Manufacturing,139.06,207.66
2020-08-01,Manufacturing,135.87,200.57
2020-09-01,Manufacturing,129.37,173.86
2020-10-01,Manufacturing,134.75,175.61
2020-11-01,Manufacturing,134.35,175.72
2020-12-01,Manufacturing,138.34,181.51
2021-01-01,Manufacturing,139.33,185.41
2021-02-01,Manufacturing,141.71,188.15
2021-03-01,Manufacturing,153.25,203.43
2021-04-01,Manufacturing,146.62,192.61
2021-05-01,Manufacturing,149.31,196.33
2021-06-01,Manufacturing,147.21,195.8
2021-07-01,Manufacturing,144.32,193.73
2021-08-01,Manufacturing,140.56,182.45
2021-09-01,Manufacturing,136.77,182.54
2021-10-01,Manufacturing,132.1,175.58
2021-11-01,Manufacturing,136.75,180.91
2021-12-01,Manufacturing,140.79,183.12
2022-01-01,Manufacturing,147.33,193.05
2022-02-01,Manufacturing,151.23,198.39
2022-03-01,Manufacturing,157.6,203.81
2022-04-01,Manufacturing,158.28,208.44
2022-05-01,Manufacturing,150.9,194.37
2022-06-01,Manufacturing,152.2,199.94
2022-07-01,Manufacturing,149.23,188.52
2022-08-01,Manufacturing,142.38,179.36
2022-09-01,Manufacturing,145.19,180.92
2022-10-01,Manufacturing,138.52,177.19
2022-11-01,Manufacturing,137.94,172.2
2022-12-01,Manufacturing,140.07,174.07
2023-01-01,Manufacturing,148.68,187.58
2023-02-01,Manufacturing,153.53,194.46
2023-03-01,Manufacturing,157.46,192.35
2023-04-01,Manufacturing,153.15,190.77
2023-05-01,Manufacturing,159.46,195.39
2023-06-01,Manufacturing,160.07,193.53
2023-07-01,Manufacturing,150.32,177.85
2023-08-01,Manufacturing,149.86,175.62
2023-09-01,Manufacturing,143.27,169.91
2023-10-01,Manufacturing,141.81,167.2
2023-11-01,Manufacturing,149.69,173.49
2023-12-01,Manufacturing,151.67,173.94
2024-01-01,Manufacturing,157.24,178.4
2024-02-01,Manufacturing,166.97,192.44
2024-03-01,Manufacturing,163.32,187.9
2024-04-01,Manufacturing,164.9,188.75
2024-05-01,Manufacturing,164.56,187.09
2024-06-01,Manufacturing,165.67,184.52
2024-07-01,Manufacturing,159.68,182.13
2024-08-01,Manufacturing,149.65,164.09
2024-09-01,Manufacturing,146.8,163.78
2024-10-01,Manufacturing,149.44,163.93
2024-11-01,Manufacturing,151.46,163.96
2024-12-01,Manufacturing,155.21,168.62
2025-01-01,Manufacturing,160.63,176.93
2025-02-01,Manufacturing,163.39,180.92
2025-03-01,Manufacturing,169.96,185.91
2025-04-01,Manufacturing,171.74,179.19
2025-05-01,Manufacturing,165.63,181.73
2025-06-01,Manufacturing,161.34,169.94
2025-07-01,Manufacturing,161.8,180.17
2025-08-01,Manufacturing,155.28,168.86
2025-09-01,Manufacturing,148.94,161.8
2025-10-01,Manufacturing,154.75,170.11
2025-11-01,Manufacturing,155.34,167.77
2025-12-01,Manufacturing,162.36,175.47
2016-01-01,Wholesale,89.3,116.78
2016-02-01,Wholesale,93.2,124.1
2016-03-01,Wholesale,95.39,124.43
2016-04-01,Wholesale,96.68,127.14
2016-05-01,Wholesale,89.42,119.87
2016-06-01,Wholesale,93.9,122.78
2016-07-01,Wholesale,88.68,116.06
2016-08-01,Wholesale,93.99,124.11
2016-09-01,Wholesale,88.75,118.32
2016-10-01,Wholesale,88.49,119.66
2016-11-01,Wholesale,88.71,116.7
2016-12-01,Wholesale,91.38,121.83
2017-01-01,Wholesale,91.55,121.62
2017-02-01,Wholesale,97.82,129.4
2017-03-01,Wholesale,100.33,133.32
2017-04-01,Wholesale,100.04,136.2
2017-05-01,Wholesale,100.75,136.18
2017-06-01,Wholesale,99.49,134.57
2017-07-01,Wholesale,94.88,128.98
2017-08-01,Wholesale,90.2,122.29
2017-09-01,Wholesale,91.93,124.5
2017-10-01,Wholesale,92.68,127.51
2017-11-01,Wholesale,88.78,120.25
2017-12-01,Wholesale,95.5,124.07
2018-01-01,Wholesale,96.98,130.73
2018-02-01,Wholesale,100.88,136.33
2018-03-01,Wholesale,103.79,139.18
2018-04-01,Wholesale,100.94,133.29
2018-05-01,Wholesale,103.23,135.27
2018-06-01,Wholesale,102.83,136.12
2018-07-01,Wholesale,100.9,134.21
2018-08-01,Wholesale,97.09,129.09
2018-09-01,Wholesale,91.77,117.8
2018-10-01,Wholesale,93.36,122.71
2018-11-01,Wholesale,93.56,124.05
2018-12-01,Wholesale,96.59,127.0
2019-01-01,Wholesale,101.95,136.59
2019-02-01,Wholesale,100.12,128.78
2019-03-01,Wholesale,106.58,135.99
2019-04-01,Wholesale,107.52,140.51
2019-05-01,Wholesale,103.98,136.73
2019-06-01,Wholesale,106.46,135.66
2019-07-01,Wholesale,100.15,129.2
2019-08-01,Wholesale,98.65,127.52
2019-09-01,Wholesale,91.57,118.62
2019-10-01,Wholesale,98.18,128.52
2019-11-01,Wholesale,96.55,128.11
2019-12-01,Wholesale,98.98,126.94
2020-01-01,Wholesale,105.98,136.54
2020-02-01,Wholesale,102.2,129.99
2020-03-01,Wholesale,110.78,165.07
2020-04-01,Wholesale,112.33,164.36
2020-05-01,Wholesale,105.07,156.14
2020-06-01,Wholesale,108.01,161.47
2020-07-01,Wholesale,103.78,156.96
2020-08-01,Wholesale,99.56,148.83
2020-09-01,Wholesale,97.07,127.41
2020-10-01,Wholesale,100.51,132.15
2020-11-01,Wholesale,102.53,137.88
2020-12-01,Wholesale,100.43,133.46
2021-01-01,Wholesale,104.18,139.59
2021-02-01,Wholesale,111.49,151.14
2021-03-01,Wholesale,117.77,161.21
2021-04-01,Wholesale,109.88,150.68
2021-05-01,Wholesale,109.53,146.33
2021-06-01,Wholesale,108.34,145.75
2021-07-01,Wholesale,105.49,144.73
2021-08-01,Wholesale,107.33,148.03
2021-09-01,Wholesale,100.59,138.64
2021-10-01,Wholesale,106.77,149.22
2021-11-01,Wholesale,104.23,146.35
2021-12-01,Wholesale,108.11,149.36
2022-01-01,Wholesale,110.86,153.83
2022-02-01,Wholesale,110.63,155.27
2022-03-01,Wholesale,112.4,157.52
2022-04-01,Wholesale,119.14,163.6
2022-05-01,Wholesale,119.19,163.17
2022-06-01,Wholesale,115.15,156.79
2022-07-01,Wholesale,111.09,154.25
2022-08-01,Wholesale,108.24,149.22
2022-09-01,Wholesale,106.31,146.28
2022-10-01,Wholesale,102.26,139.18
2022-11-01,Wholesale,106.48,147.16
2022-12-01,Wholesale,109.07,148.02
2023-01-01,Wholesale,108.59,147.66
2023-02-01,Wholesale,109.91,150.53
2023-03-01,Wholesale,118.5,163.43
2023-04-01,Wholesale,115.26,157.81
2023-05-01,Wholesale,113.9,156.72
2023-06-01,Wholesale,113.28,154.15
2023-07-01,Wholesale,114.77,155.13
2023-08-01,Wholesale,111.04,149.87
2023-09-01,Wholesale,109.06,145.85
2023-10-01,Wholesale,112.0,151.01
2023-11-01,Wholesale,110.57,150.68
2023-12-01,Wholesale,115.77,156.61
2024-01-01,Wholesale,116.39,157.08
2024-02-01,Wholesale,122.33,164.13
2024-03-01,Wholesale,126.49,169.14
2024-04-01,Wholesale,128.83,171.75
2024-05-01,Wholesale,122.53,160.96
2024-06-01,Wholesale,117.79,154.5
2024-07-01,Wholesale,117.69,154.58
2024-08-01,Wholesale,117.49,157.64
2024-09-01,Wholesale,115.6,152.35
2024-10-01,Wholesale,111.55,149.2
2024-11-01,Wholesale,113.33,148.62
2024-12-01,Wholesale,119.13,157.95
2025-01-01,Wholesale,119.6,157.51
2025-02-01,Wholesale,124.74,167.7
2025-03-01,Wholesale,128.34,175.37
2025-04-01,Wholesale,126.59,167.17
2025-05-01,Wholesale,124.26,167.4
2025-06-01,Wholesale,130.48,174.03
2025-07-01,Wholesale,119.32,162.41
2025-08-01,Wholesale,114.83,158.46
2025-09-01,Wholesale,114.4,154.55
2025-10-01,Wholesale,114.67,158.1
2025-11-01,Wholesale,116.23,158.82
2025-12-01,Wholesale,117.67,160.26
2016-01-01,Retail,148.79,236.78
2016-02-01,Retail,158.61,256.15
2016-03-01,Retail,160.1,256.23
2016-04-01,Retail,160.17,257.68
2016-05-01,Retail,159.14,258.43
2016-06-01,Retail,154.85,248.27
2016-07-01,Retail,154.73,250.6
2016-08-01,Retail,155.08,255.87
2016-09-01,Retail,145.14,236.86
2016-10-01,Retail,141.76,230.55
2016-11-01,Retail,147.63,240.47
2016-12-01,Retail,151.96,251.49
2017-01-01,Retail,158.84,261.85
2017-02-01,Retail,156.59,259.97
2017-03-01,Retail,165.43,268.0
2017-04-01,Retail,163.3,269.7
2017-05-01,Retail,170.04,281.12
2017-06-01,Retail,164.91,276.56
2017-07-01,Retail,157.51,264.52
2017-08-01,Retail,150.0,251.41
2017-09-01,Retail,156.63,256.25
2017-10-01,Retail,149.45,250.77
2017-11-01,Retail,154.42,259.76
2017-12-01,Retail,149.47,246.76
2018-01-01,Retail,161.26,268.55
2018-02-01,Retail,168.75,281.06
2018-03-01,Retail,162.61,268.45
2018-04-01,Retail,172.87,286.39
2018-05-01,Retail,175.52,287.9
2018-06-01,Retail,162.91,269.15
2018-07-01,Retail,163.09,268.33
2018-08-01,Retail,157.92,260.35
2018-09-01,Retail,153.87,257.04
2018-10-01,Retail,153.0,248.45
2018-11-01,Retail,153.85,254.65
2018-12-01,Retail,158.27,259.04
2019-01-01,Retail,165.99,271.17
2019-02-01,Retail,171.92,275.1
2019-03-01,Retail,171.01,281.31
2019-04-01,Retail,175.43,282.81
2019-05-01,Retail,177.09,285.93
2019-06-01,Retail,177.72,288.69
2019-07-01,Retail,173.04,280.97
2019-08-01,Retail,164.18,265.33
2019-09-01,Retail,161.35,266.52
2019-10-01,Retail,155.44,255.15
2019-11-01,Retail,162.08,270.58
2019-12-01,Retail,159.66,259.36
2020-01-01,Retail,170.26,276.92
2020-02-01,Retail,172.51,288.25
2020-03-01,Retail,178.66,322.66
2020-04-01,Retail,183.83,336.98
2020-05-01,Retail,183.16,334.95
2020-06-01,Retail,183.61,336.72
2020-07-01,Retail,175.06,318.88
2020-08-01,Retail,167.74,308.25
2020-09-01,Retail,168.22,286.41
2020-10-01,Retail,159.52,268.17
2020-11-01,Retail,172.58,294.62
2020-12-01,Retail,163.83,275.35
2021-01-01,Retail,179.33,304.51
2021-02-01,Retail,184.74,316.19
2021-03-01,Retail,184.91,317.5
2021-04-01,Retail,187.31,320.37
2021-05-01,Retail,182.4,313.68
2021-06-01,Retail,184.98,321.96
2021-07-01,Retail,181.61,314.91
2021-08-01,Retail,172.79,295.04
2021-09-01,Retail,172.64,298.58
2021-10-01,Retail,172.48,297.76
2021-11-01,Retail,169.37,291.54
2021-12-01,Retail,179.47,316.28
2022-01-01,Retail,184.03,325.63
2022-02-01,Retail,188.56,328.94
2022-03-01,Retail,195.75,343.25
2022-04-01,Retail,195.95,350.71
2022-05-01,Retail,190.9,335.82
2022-06-01,Retail,187.68,330.54
2022-07-01,Retail,185.88,328.58
2022-08-01,Retail,183.92,327.87
2022-09-01,Retail,176.92,313.21
2022-10-01,Retail,173.84,309.12
2022-11-01,Retail,177.29,309.65
2022-12-01,Retail,177.4,314.48
2023-01-01,Retail,192.05,337.4
2023-02-01,Retail,199.33,347.65
2023-03-01,Retail,205.07,361.4
2023-04-01,Retail,203.99,365.12
2023-05-01,Retail,196.69,344.71
2023-06-01,Retail,195.17,343.94
2023-07-01,Retail,188.91,328.77
2023-08-01,Retail,186.73,320.89
2023-09-01,Retail,186.25,325.45
2023-10-01,Retail,171.43,295.14
2023-11-01,Retail,183.71,318.02
2023-12-01,Retail,187.81,330.87
2024-01-01,Retail,194.19,330.77
2024-02-01,Retail,202.01,350.31
2024-03-01,Retail,200.54,347.96
2024-04-01,Retail,209.99,363.52
2024-05-01,Retail,206.35,354.27
2024-06-01,Retail,200.4,346.32
2024-07-01,Retail,195.88,335.19
2024-08-01,Retail,188.73,330.13
2024-09-01,Retail,186.82,323.08
2024-10-01,Retail,187.48,327.73
2024-11-01,Retail,182.55,315.05
2024-12-01,Retail,190.79,333.01
2025-01-01,Retail,196.66,343.25
2025-02-01,Retail,204.78,352.43
2025-03-01,Retail,208.58,368.24
2025-04-01,Retail,204.41,365.11
2025-05-01,Retail,212.65,375.51
2025-06-01,Retail,211.67,367.1
2025-07-01,Retail,198.4,346.53
2025-08-01,Retail,196.23,339.68
2025-09-01,Retail,188.97,332.12
2025-10-01,Retail,191.15,344.41
2025-11-01,Retail,191.63,344.25
2025-12-01,Retail,201.64,357.34
