year,gdp_bn,business_inventory_bn,inventory_carrying_rate_pct,inventory_carrying_cost_bn,transportation_cost_bn,administrative_cost_bn,total_logistics_cost_bn,logistics_pct_gdp
2000,10280,1525,25.3,386,594,39,1019,9.9
2001,10620,1448,22.8,330,609,37,976,9.2
2002,10980,1495,20.7,309,582,35,926,8.4
2003,11510,1557,20.1,313,607,36,956,8.3
2004,12270,1698,20.4,346,652,39,1037,8.5
2005,13090,1842,22.3,411,739,46,1196,9.1
2006,13860,1994,24.0,479,809,50,1338,9.7
2007,14480,2119,24.1,511,855,54,1420,9.8
2008,14720,2050,21.4,439,872,52,1363,9.3
2009,14420,1927,19.3,372,705,43,1120,7.8
2010,14960,2130,19.2,409,770,47,1226,8.2
2011,15520,2301,19.1,439,819,50,1308,8.4
2012,16160,2392,19.1,457,847,52,1356,8.4
2013,16770,2444,19.1,467,885,54,1406,8.4
2014,17420,2496,19.1,477,901,55,1433,8.2
