year,gdp_bn,business_inventory_bn,inventory_carrying_rate_pct,inventory_carrying_cost_bn,check_carrying_bn,transportation_cost_bn,administrative_cost_bn,total_logistics_cost_bn,logistics_pct_gdp,inv_share_of_logistics_pct
2000,10280,1525,25.3,386,385.825,594,39,1019,9.9,37.88027477919529
2001,10620,1448,22.8,330,330.144,609,37,976,9.2,33.81147540983606
2002,10980,1495,20.7,309,309.465,582,35,926,8.4,33.36933045356371
2003,11510,1557,20.1,313,312.957,607,36,956,8.3,32.74058577405858
2004,12270,1698,20.4,346,346.392,652,39,1037,8.5,33.365477338476374
2005,13090,1842,22.3,411,410.76599999999996,739,46,1196,9.1,34.364548494983275
2006,13860,1994,24.0,479,478.56,809,50,1338,9.7,35.799701046337816
2007,14480,2119,24.1,511,510.67900000000003,855,54,1420,9.8,35.985915492957744
2008,14720,2050,21.4,439,438.7,872,52,1363,9.3,32.208363903154805
2009,14420,1927,19.3,372,371.911,705,43,1120,7.8,33.214285714285715
2010,14960,2130,19.2,409,408.96,770,47,1226,8.2,33.3605220228385
2011,15520,2301,19.1,439,439.49100000000004,819,50,1308,8.4,33.56269113149847
2012,16160,2392,19.1,457,456.87200000000007,847,52,1356,8.4,33.70206489675516
2013,16770,2444,19.1,467,466.80400000000003,885,54,1406,8.4,33.21479374110953
2014,17420,2496,19.1,477,476.73600000000005,901,55,1433,8.2,33.28681088625262
