month,sales,production,inventory_change,inventory,profit
1,100.0,110.60660171779821,10.606601717798213,160.6066017177982,21.787867965644036
4,110.60660171779821,114.99999999999999,4.3933982822017725,181.09698277456476,24.029710773958257
7,114.99999999999999,110.60660171779821,-4.3933982822017725,176.703584492363,25.215928310152737
10,110.60660171779821,100.0,-10.606601717798213,150.0,24.651650429449553
13,100.0,89.3933982822018,-10.606601717798199,116.62882692912619,22.667423461417478
16,89.3933982822018,85.0,-4.393398282201801,96.1384458723596,20.425580653103257
19,85.0,89.39339828220179,4.393398282201787,100.53184415456138,19.239363116908773
22,89.39339828220179,100.0,10.606601717798213,127.23542864692438,19.803640997611957
25,100.0,110.60660171779821,10.606601717798213,160.6066017177982,21.787867965644036
28,110.60660171779821,114.99999999999999,4.3933982822017725,181.09698277456476,24.029710773958257
31,114.99999999999999,110.60660171779821,-4.3933982822017725,176.703584492363,25.215928310152737
34,110.60660171779821,100.0,-10.606601717798213,150.0,24.651650429449553
37,100.0,89.3933982822018,-10.606601717798199,116.6288269291262,22.667423461417474
40,89.3933982822018,85.0,-4.393398282201801,96.1384458723596,20.425580653103257
43,85.0,89.39339828220179,4.393398282201787,100.53184415456138,19.239363116908773
46,89.39339828220179,99.99999999999999,10.606601717798199,127.23542864692436,19.80364099761196
