month,demand_forecast,reg_cap_eff,total_cap_eff,regular_used,overtime_used,production_plan,anticipation_stock_end
Jan,820,1250.0,1450.0,825.0,0.0,825.0,5.0
Feb,780,1250.0,1450.0,1250.0,200.0,1450.0,675.0
Mar,900,1250.0,1450.0,1250.0,200.0,1450.0,1225.0
Apr,1050,1250.0,1450.0,1250.0,200.0,1450.0,1625.0
May,1300,1250.0,1450.0,1250.0,200.0,1450.0,1775.0
Jun,1650,1250.0,1450.0,1250.0,200.0,1450.0,1575.0
Jul,1900,1250.0,1450.0,1250.0,200.0,1450.0,1125.0
Aug,1850,625.0,725.0,625.0,100.0,725.0,0.0
Sep,1400,1250.0,1450.0,1250.0,150.0,1400.0,0.0
Oct,1100,1250.0,1450.0,1250.0,200.0,1450.0,350.0
Nov,1500,1250.0,1450.0,1250.0,200.0,1450.0,300.0
Dec,1750,1250.0,1450.0,1250.0,200.0,1450.0,0.0
