level,parent,component,qty_per_parent,qty_per_end_item
1,WM-100,Cabinet assembly,1,1.0
2,Cabinet assembly,Steel panel,4,4.0
2,Cabinet assembly,Screw M4,24,24.0
2,Cabinet assembly,Foot leveller,4,4.0
1,WM-100,Drum assembly,1,1.0
2,Drum assembly,Inner drum,1,1.0
2,Drum assembly,Drum bearing,2,2.0
2,Drum assembly,Shock absorber,2,2.0
2,Drum assembly,Spring,2,2.0
1,WM-100,Motor unit,1,1.0
2,Motor unit,Motor 0.5kW,1,1.0
2,Motor unit,Drive belt,1,1.0
2,Motor unit,Screw M4,6,6.0
1,WM-100,Control unit,1,1.0
2,Control unit,Inverter PCB,1,1.0
2,Control unit,Wire harness,1,1.0
2,Control unit,Knob,2,2.0
1,WM-100,Door assembly,1,1.0
2,Door assembly,Glass bowl,1,1.0
2,Door assembly,Door gasket,1,1.0
2,Door assembly,Hinge,2,2.0
1,WM-100,Hose kit,1,1.0
2,Hose kit,Inlet hose,1,1.0
2,Hose kit,Drain hose,1,1.0
2,Hose kit,Hose clamp,4,4.0
