rank,sku,category,annual_unit_usage,unit_cost,annual_dollar_usage,pct_of_value,cum_pct_value,cum_pct_items,class
1,SKU-0172,Purchased part,3689,96.42,355693.38,0.19408759866184996,0.19408759866184996,0.005,A
2,SKU-0052,Purchased part,6240,33.75,210600.0,0.11491596576294336,0.3090035644247933,0.01,A
3,SKU-0123,Purchased part,927,126.14,116931.78,0.06380497828622994,0.37280854271102326,0.015,A
4,SKU-0176,Raw material,1387,64.94,90071.78,0.049148554542675055,0.42195709725369834,0.02,A
5,SKU-0046,Purchased part,3946,16.34,64477.64,0.03518285978497335,0.4571399570386717,0.025,A
6,SKU-0024,Raw material,1174,37.61,44154.14,0.024093141692935457,0.48123309873160713,0.03,A
7,SKU-0041,Packaging,410,96.15,39421.5,0.021510730030027878,0.502743828761635,0.035,A
8,SKU-0019,Purchased part,1087,26.94,29283.780000000002,0.01597898319035881,0.5187228119519939,0.04,A
9,SKU-0043,Purchased part,2502,10.44,26120.879999999997,0.014253115630474603,0.5329759275824685,0.045,A
10,SKU-0192,Sub-assembly,1966,11.24,22097.84,0.01205790420168566,0.5450338317841541,0.05,A
11,SKU-0117,Raw material,2640,8.23,21727.2,0.011855660832500585,0.5568894926166547,0.055,A
12,SKU-0112,Purchased part,520,38.94,20248.8,0.011048957300762998,0.5679384499174177,0.06,A
13,SKU-0069,Packaging,4409,4.36,19223.24,0.010489350378408563,0.5784278002958263,0.065,A
14,SKU-0130,Sub-assembly,1184,15.85,18766.399999999998,0.010240071129599715,0.588667871425426,0.07,A
15,SKU-0072,Purchased part,547,34.22,18718.34,0.010213846716899967,0.598881718142326,0.075,A
16,SKU-0185,Purchased part,3121,5.74,17914.54,0.00977524532430617,0.6086569634666322,0.08,A
17,SKU-0109,Sub-assembly,9523,1.79,17046.170000000002,0.009301410674783059,0.6179583741414152,0.085,A
18,SKU-0134,Finished good,663,25.46,16879.98,0.009210727463243916,0.6271691016046591,0.09,A
19,SKU-0016,MRO supply,642,25.97,16672.739999999998,0.009097644914598557,0.6362667465192576,0.095,A
20,SKU-0045,Purchased part,2165,7.39,15999.349999999999,0.008730203023881044,0.6449969495431388,0.1,A
21,SKU-0082,Packaging,987,14.56,14370.720000000001,0.007841525011912846,0.6528384745550516,0.105,A
22,SKU-0111,Packaging,649,21.75,14115.75,0.00770239811832036,0.6605408726733719,0.11,A
23,SKU-0091,Finished good,1547,9.07,14031.29,0.007656311686846769,0.6681971843602187,0.115,A
24,SKU-0005,Purchased part,648,21.52,13944.96,0.007609204871441664,0.6758063892316604,0.12,A
25,SKU-0158,Purchased part,1138,11.65,13257.7,0.007234194678515547,0.6830405839101759,0.125,A
26,SKU-0083,Purchased part,2266,5.85,13256.099999999999,0.007233321622745267,0.6902739055329212,0.13,A
27,SKU-0141,Sub-assembly,2405,5.29,12722.45,0.006942130240364477,0.6972160357732857,0.135,A
28,SKU-0179,MRO supply,821,15.18,12462.78,0.006800438745446796,0.7040164745187325,0.14,A
29,SKU-0099,Purchased part,527,22.04,11615.08,0.006337882885155974,0.7103543574038885,0.145,A
30,SKU-0085,Raw material,793,14.63,11601.59,0.006330521933692811,0.7166848793375814,0.15,A
31,SKU-0200,Purchased part,867,12.63,10950.210000000001,0.005975090016415195,0.7226599693539966,0.155,A
32,SKU-0053,Purchased part,1317,8.1,10667.699999999999,0.005820935650376784,0.7284809050043732,0.16,A
33,SKU-0110,Purchased part,1106,9.58,10595.48,0.005781528095545827,0.7342624330999191,0.165,A
34,SKU-0002,Sub-assembly,558,18.9,10546.199999999999,0.00575463797782124,0.7400170710777403,0.17,A
35,SKU-0164,MRO supply,2687,3.92,10533.039999999999,0.005747457094110697,0.745764528171851,0.175,A
36,SKU-0156,Raw material,360,27.93,10054.8,0.005486500724374372,0.7512510288962254,0.18,A
37,SKU-0066,Finished good,591,16.97,10029.269999999999,0.005472570028239861,0.7567235989244653,0.185,A
38,SKU-0054,Purchased part,952,10.37,9872.24,0.005386885060985565,0.7621104839854509,0.19,A
39,SKU-0026,Purchased part,529,18.45,9760.05,0.005325667481693329,0.7674361514671442,0.195,A
40,SKU-0097,Sub-assembly,1316,7.4,9738.4,0.005313853945801745,0.7727500054129459,0.2,A
41,SKU-0155,Packaging,762,12.53,9547.859999999999,0.005209883916758672,0.7779598893297046,0.205,A
42,SKU-0143,Raw material,783,12.14,9505.62,0.005186835244423313,0.783146724574128,0.21,A
43,SKU-0186,Sub-assembly,1226,7.74,9489.24,0.005177897335975084,0.7883246219101031,0.215,A
44,SKU-0106,Raw material,1212,7.77,9417.24,0.005138609826312539,0.7934632317364156,0.22,A
45,SKU-0017,Purchased part,1253,7.33,9184.49,0.005011607494729798,0.7984748392311454,0.225,A
46,SKU-0096,Packaging,5226,1.72,8988.72,0.004904783664637626,0.803379622895783,0.23,B
47,SKU-0140,Packaging,286,31.35,8966.1,0.004892440838685311,0.8082720637344684,0.235,B
48,SKU-0042,Purchased part,403,21.71,8749.130000000001,0.0047740490196369455,0.8130461127541053,0.24,B
49,SKU-0001,Raw material,865,9.29,8035.849999999999,0.004384840757246668,0.817430953511352,0.245,B
50,SKU-0118,Sub-assembly,445,17.71,7880.950000000001,0.0043003180454865555,0.8217312715568386,0.25,B
51,SKU-0167,Finished good,3163,2.49,7875.870000000001,0.00429754609341592,0.8260288176502545,0.255,B
52,SKU-0086,Sub-assembly,434,17.55,7616.700000000001,0.004156127428426452,0.8301849450786809,0.26,B
53,SKU-0142,Purchased part,299,20.29,6066.71,0.0033103601075674554,0.8334953051862484,0.265,B
54,SKU-0057,Sub-assembly,997,6.06,6041.82,0.003296778633741056,0.8367920838199895,0.27,B
55,SKU-0036,Finished good,720,8.36,6019.2,0.00328443580778874,0.8400765196277782,0.275,B
56,SKU-0189,Packaging,1186,4.91,5823.26,0.0031775192155209762,0.8432540388432992,0.28,B
57,SKU-0033,MRO supply,271,21.4,5799.4,0.0031644997713466934,0.8464185386146458,0.285,B
58,SKU-0159,Raw material,435,13.31,5789.85,0.0031592887197178423,0.8495778273343637,0.29,B
59,SKU-0006,MRO supply,609,9.25,5633.25,0.0030738383862018077,0.8526516657205655,0.295,B
60,SKU-0048,Raw material,971,5.79,5622.09,0.0030677488222041133,0.8557194145427697,0.3,B
61,SKU-0126,Raw material,606,9.27,5617.62,0.0030653097226458967,0.8587847242654156,0.305,B
62,SKU-0077,Raw material,253,21.9,5540.7,0.0030233375664897445,0.8618080618319054,0.31,B
63,SKU-0015,Purchased part,582,9.52,5540.639999999999,0.003023304826898359,0.8648313666588037,0.315,B
64,SKU-0102,Raw material,659,8.32,5482.88,0.002991787513591296,0.8678231541723949,0.32,B
65,SKU-0062,Purchased part,1261,4.29,5409.69,0.002951850668699606,0.8707750048410945,0.325,B
66,SKU-0178,Raw material,276,17.98,4962.4800000000005,0.0027078261243081254,0.8734828309654026,0.33,B
67,SKU-0044,Packaging,2290,2.16,4946.400000000001,0.002699051913816824,0.8761818828792194,0.335,B
68,SKU-0070,Purchased part,1117,4.38,4892.46,0.0026696190211613004,0.8788515019003806,0.34,B
69,SKU-0191,Raw material,1206,3.78,4558.679999999999,0.0024874886742840196,0.8813389905746646,0.345,B
70,SKU-0094,MRO supply,641,6.93,4442.13,0.0024238920180177756,0.8837628825926823,0.35,B
71,SKU-0190,Purchased part,761,5.67,4314.87,0.0023544513446892277,0.8861173339373716,0.355,B
72,SKU-0115,Purchased part,2451,1.75,4289.25,0.002340471539167639,0.8884578054765393,0.36,B
73,SKU-0137,Packaging,396,10.81,4280.76,0.0023358388869865973,0.8907936443635258,0.365,B
74,SKU-0197,Finished good,661,6.38,4217.18,0.002301145833315145,0.8930947901968409,0.37,B
75,SKU-0129,Purchased part,543,7.7,4181.1,0.0022814584256953584,0.8953762486225364,0.375,B
76,SKU-0061,Purchased part,711,5.68,4038.48,0.0022036364169721345,0.8975798850395085,0.38,B
77,SKU-0051,Sub-assembly,4138,0.93,3848.34,0.0020998846518716307,0.8996797696913802,0.385,B
78,SKU-0034,Sub-assembly,286,13.36,3820.96,0.0020849444850027355,0.9017647141763829,0.39,B
79,SKU-0175,Finished good,649,5.58,3621.42,0.001976063517251844,0.9037407776936347,0.395,B
80,SKU-0166,Raw material,1222,2.8,3421.6,0.0018670297647411537,0.9056078074583759,0.4,B
81,SKU-0023,Packaging,718,4.65,3338.7000000000003,0.001821794562643585,0.9074296020210194,0.405,B
82,SKU-0181,Packaging,233,14.32,3336.56,0.0018206268505508371,0.9092502288715704,0.41,B
83,SKU-0010,Purchased part,537,6.2,3329.4,0.0018167199259788397,0.9110669487975491,0.415,B
84,SKU-0148,Purchased part,961,3.42,3286.62,0.0017933765973210108,0.9128603253948702,0.42,B
85,SKU-0105,MRO supply,255,12.46,3177.3,0.0017337250618167138,0.914594050456687,0.425,B
86,SKU-0093,Finished good,516,6.02,3106.3199999999997,0.0016949941252077216,0.9162890445818946,0.43,B
87,SKU-0068,Purchased part,1139,2.72,3098.0800000000004,0.0016904978879907864,0.9179795424698854,0.435,B
88,SKU-0136,Packaging,358,8.6,3078.7999999999997,0.0016799775659589267,0.9196595200358445,0.44,B
89,SKU-0088,Sub-assembly,391,7.83,3061.53,0.0016705540202384805,0.9213300740560829,0.445,B
90,SKU-0132,Packaging,237,12.65,2998.05,0.0016359155325526703,0.9229659895886356,0.45,B
91,SKU-0081,Purchased part,514,5.75,2955.5,0.001612697705661819,0.9245786872942975,0.455,B
92,SKU-0014,Packaging,516,5.72,2951.52,0.0016105259794332507,0.9261892132737307,0.46,B
93,SKU-0092,Raw material,2164,1.34,2899.76,0.0015822826252647325,0.9277714958989954,0.465,B
94,SKU-0029,Purchased part,270,9.94,2683.7999999999997,0.0014644419226713548,0.9292359378216668,0.47,B
95,SKU-0098,Finished good,590,4.52,2666.7999999999997,0.001455165705112143,0.930691103526779,0.475,B
96,SKU-0089,Sub-assembly,1293,2.05,2650.6499999999996,0.0014463532984308916,0.9321374568252099,0.48,B
97,SKU-0114,Raw material,1462,1.81,2646.2200000000003,0.0014439360252669325,0.9335813928504768,0.485,B
98,SKU-0122,Finished good,379,6.94,2630.26,0.0014352272939584017,0.9350166201444352,0.49,B
99,SKU-0065,Finished good,501,5.13,2570.13,0.0014024167667916127,0.9364190369112267,0.495,B
100,SKU-0157,MRO supply,398,6.4,2547.2000000000003,0.0013899047862838052,0.9378089416975105,0.5,B
101,SKU-0018,Purchased part,300,8.09,2427.0,0.0013243164715416123,0.9391332581690521,0.505,B
102,SKU-0125,Purchased part,460,5.27,2424.2,0.0013227886239436243,0.9404560467929958,0.51,B
103,SKU-0120,Purchased part,261,9.26,2416.86,0.0013187834805974705,0.9417748302735932,0.515,B
104,SKU-0060,MRO supply,440,5.39,2371.6,0.0012940869154957097,0.943068917189089,0.52,B
105,SKU-0076,Sub-assembly,538,4.32,2324.1600000000003,0.0012682008119069444,0.944337118000996,0.525,B
106,SKU-0009,Packaging,719,3.23,2322.37,0.0012672240807639447,0.9456043420817599,0.53,B
107,SKU-0173,Sub-assembly,281,8.26,2321.06,0.001266509266352029,0.946870851348112,0.535,B
108,SKU-0020,Purchased part,936,2.43,2274.48,0.0012410924302397883,0.9481119437783517,0.54,B
109,SKU-0121,Packaging,176,12.68,2231.68,0.001217738188384831,0.9493296819667365,0.545,B
110,SKU-0028,Sub-assembly,259,8.25,2136.75,0.0011659386982144787,0.950495620664951,0.55,C
111,SKU-0147,Raw material,321,6.58,2112.18,0.0011525318355421353,0.9516481525004932,0.555,C
112,SKU-0084,Raw material,356,5.9,2100.4,0.001146103962433458,0.9527942564629265,0.56,C
113,SKU-0180,Purchased part,123,16.4,2017.1999999999998,0.0011007050623789616,0.9538949615253055,0.565,C
114,SKU-0100,Sub-assembly,779,2.51,1955.2899999999997,0.0010669232606677374,0.9549618847859732,0.57,C
115,SKU-0135,Raw material,291,6.29,1830.39,0.0009987703446003508,0.9559606551305735,0.575,C
116,SKU-0113,Packaging,179,10.19,1824.01,0.0009952890347163642,0.9569559441652898,0.58,C
117,SKU-0050,Sub-assembly,798,2.26,1803.4799999999998,0.0009840866378639746,0.9579400308031538,0.585,C
118,SKU-0031,Raw material,169,10.65,1799.8500000000001,0.000982105892585155,0.958922136695739,0.59,C
119,SKU-0139,Purchased part,418,4.28,1789.0400000000002,0.0009762073095372089,0.9598983440052763,0.595,C
120,SKU-0163,Purchased part,1954,0.9,1758.6000000000001,0.0009595974235076552,0.960857941428784,0.6,C
121,SKU-0169,Raw material,640,2.74,1753.6000000000001,0.0009568691242255341,0.9618148105530095,0.605,C
122,SKU-0124,Purchased part,200,8.61,1722.0,0.0009396262727625283,0.9627544368257721,0.61,C
123,SKU-0027,Raw material,531,3.24,1720.44,0.0009387750433865065,0.9636932118691586,0.615,C
124,SKU-0145,Finished good,166,10.2,1693.1999999999998,0.0009239112688975103,0.964617123138056,0.62,C
125,SKU-0040,Purchased part,164,10.31,1690.8400000000001,0.0009226235116363493,0.9655397466496924,0.625,C
126,SKU-0184,Finished good,432,3.9,1684.8,0.0009193277261035468,0.966459074375796,0.63,C
127,SKU-0177,MRO supply,275,6.02,1655.4999999999998,0.0009033398923103167,0.9673624142681063,0.635,C
128,SKU-0198,Raw material,276,5.73,1581.48,0.0008629501497377952,0.9682253644178441,0.64,C
129,SKU-0188,Raw material,399,3.89,1552.1100000000001,0.0008469241197546155,0.9690722885375989,0.645,C
130,SKU-0133,Packaging,433,3.55,1537.1499999999999,0.0008387610483025088,0.9699110495859012,0.65,C
131,SKU-0154,Purchased part,774,1.95,1509.3,0.000823564421301094,0.9707346140072024,0.655,C
132,SKU-0095,Sub-assembly,125,11.87,1483.75,0.000809622811969455,0.9715442368191718,0.66,C
133,SKU-0149,Raw material,283,5.21,1474.43,0.0008045372621075811,0.9723487740812794,0.665,C
134,SKU-0182,Packaging,218,6.72,1464.96,0.0007993698632672436,0.9731481439445466,0.67,C
135,SKU-0168,Raw material,169,8.48,1433.1200000000001,0.000781996053438696,0.9739301399979854,0.675,C
136,SKU-0183,MRO supply,324,4.27,1383.4799999999998,0.000754909498165797,0.9746850494961512,0.68,C
137,SKU-0108,MRO supply,650,2.12,1378.0,0.0007519192821525923,0.9754369687783038,0.685,C
138,SKU-0038,Purchased part,243,5.6,1360.8,0.0007425339326220955,0.9761795027109259,0.69,C
139,SKU-0165,Purchased part,1061,1.28,1358.08,0.0007410497378126216,0.9769205524487385,0.695,C
140,SKU-0013,Sub-assembly,749,1.78,1333.22,0.0007274846337819152,0.9776480370825205,0.7,C
141,SKU-0196,Purchased part,539,2.43,1309.77,0.0007146889101487669,0.9783627259926692,0.705,C
142,SKU-0007,Finished good,117,11.1,1298.7,0.0007086484555381507,0.9790713744482074,0.71,C
143,SKU-0058,Purchased part,462,2.77,1279.74,0.0006983027446603472,0.9797696771928677,0.715,C
144,SKU-0161,Sub-assembly,1372,0.91,1248.52,0.0006812672439427827,0.9804509444368105,0.72,C
145,SKU-0150,Purchased part,261,4.76,1242.36,0.0006779059792272094,0.9811288504160377,0.725,C
146,SKU-0104,Purchased part,815,1.51,1230.65,0.0006715163023084817,0.9818003667183461,0.73,C
147,SKU-0011,Finished good,571,2.09,1193.3899999999999,0.0006511850160581147,0.9824515517344042,0.735,C
148,SKU-0004,Purchased part,1078,1.1,1185.8000000000002,0.000647043457747855,0.9830985951921521,0.74,C
149,SKU-0021,Sub-assembly,553,2.05,1133.6499999999999,0.0006185872962353311,0.9837171824883874,0.745,C
150,SKU-0049,Packaging,1060,1.06,1123.6000000000001,0.0006131034146782677,0.9843302859030657,0.75,C
151,SKU-0131,Finished good,275,4.07,1119.25,0.0006107297943028222,0.9849410156973685,0.755,C
152,SKU-0152,Purchased part,336,3.31,1112.16,0.0006068610659207745,0.9855478767632893,0.76,C
153,SKU-0116,Raw material,531,2.06,1093.8600000000001,0.000596875490548211,0.9861447522538375,0.765,C
154,SKU-0063,Purchased part,447,2.43,1086.21,0.0005927011926465655,0.9867374534464841,0.77,C
155,SKU-0170,Purchased part,631,1.72,1085.32,0.000592215555374348,0.9873296690018585,0.775,C
156,SKU-0171,Raw material,192,5.35,1027.1999999999998,0.0005605018045189714,0.9878901708063774,0.78,C
157,SKU-0153,Sub-assembly,678,1.43,969.54,0.0005290390571975503,0.988419209863575,0.785,C
158,SKU-0022,Purchased part,311,3.04,945.44,0.0005158886546577264,0.9889350985182327,0.79,C
159,SKU-0030,Purchased part,109,8.59,936.31,0.0005109067801685731,0.9894460052984012,0.795,C
160,SKU-0075,Finished good,958,0.9,862.2,0.00047046792820897325,0.9899164732266102,0.8,C
161,SKU-0193,Purchased part,185,4.61,852.85,0.00046536600855140664,0.9903818392351617,0.805,C
162,SKU-0162,Purchased part,173,4.86,840.7800000000001,0.0004587798940843662,0.990840619129246,0.81,C
163,SKU-0080,Purchased part,585,1.4,819.0,0.00044689542241144637,0.9912875145516575,0.815,C
164,SKU-0087,Purchased part,305,2.67,814.35,0.0004443581040790737,0.9917318726557366,0.82,C
165,SKU-0187,Packaging,509,1.53,778.77,0.0004249435263874995,0.9921568161821241,0.825,C
166,SKU-0195,Packaging,487,1.59,774.33,0.00042252079662497596,0.9925793369787491,0.83,C
167,SKU-0064,Raw material,381,2.0,762.0,0.0004157928105952651,0.9929951297893445,0.835,C
168,SKU-0037,Sub-assembly,413,1.84,759.9200000000001,0.0004146578380939028,0.9934097876274383,0.84,C
169,SKU-0035,Purchased part,292,2.6,759.2,0.0004142649629972773,0.9938240525904355,0.845,C
170,SKU-0127,Packaging,242,3.02,730.84,0.00039879004946908605,0.9942228426399047,0.85,C
171,SKU-0012,Finished good,587,1.22,716.14,0.00039076884957964985,0.9946136114894842,0.855,C
172,SKU-0047,Sub-assembly,151,4.68,706.68,0.0003856069073378766,0.994999218396822,0.86,C
173,SKU-0055,Purchased part,165,4.19,691.35,0.00037724194173889314,0.9953764603385611,0.865,C
174,SKU-0144,Purchased part,725,0.95,688.75,0.0003758232261121901,0.9957522835646733,0.87,C
175,SKU-0073,MRO supply,89,7.54,671.0600000000001,0.0003661705032520455,0.9961184540679253,0.875,C
176,SKU-0025,Purchased part,173,3.64,629.72,0.00034361292478746766,0.9964620669927128,0.88,C
177,SKU-0101,MRO supply,262,1.78,466.36,0.00025447393064200504,0.9967165409233548,0.885,C
178,SKU-0008,Raw material,120,3.88,465.59999999999997,0.0002540592291511226,0.9969706001525059,0.89,C
179,SKU-0103,Sub-assembly,201,2.25,452.25,0.0002467746700678591,0.9972173748225739,0.895,C
180,SKU-0039,Finished good,244,1.69,412.36,0.0002250082983950965,0.997442383120969,0.9,C
181,SKU-0078,Finished good,66,6.16,406.56,0.00022184347122783594,0.9976642265921969,0.905,C
182,SKU-0128,MRO supply,203,1.8,365.40000000000003,0.00019938411153741457,0.9978636107037342,0.91,C
183,SKU-0071,Sub-assembly,121,2.89,349.69,0.00019081179519298984,0.9980544224989272,0.915,C
184,SKU-0090,Finished good,181,1.84,333.04,0.00018172655858352639,0.9982361490575107,0.92,C
185,SKU-0199,Purchased part,395,0.79,312.05,0.00017027315819718176,0.998406422215708,0.925,C
186,SKU-0032,MRO supply,111,2.64,293.04,0.0001599001643265571,0.9985663223800345,0.93,C
187,SKU-0059,Raw material,135,2.03,274.04999999999995,0.00014953808365306088,0.9987158604636877,0.935,C
188,SKU-0146,Raw material,146,1.82,265.72,0.00014499273704904708,0.9988608532007366,0.94,C
189,SKU-0003,Purchased part,346,0.72,249.12,0.0001359347834324048,0.9989967879841691,0.945,C
190,SKU-0138,MRO supply,171,1.43,244.53,0.00013343020469141757,0.9991302181888605,0.95,C
191,SKU-0056,Packaging,166,1.3,215.8,0.00011775339701634937,0.9992479715858769,0.955,C
192,SKU-0174,Finished good,242,0.86,208.12,0.00011356272931901127,0.999361534315196,0.96,C
193,SKU-0151,Finished good,32,6.46,206.72,0.00011279880552001733,0.999474333120716,0.965,C
194,SKU-0194,Sub-assembly,57,3.55,202.35,0.00011041427194744344,0.9995847473926635,0.97,C
195,SKU-0067,Raw material,159,1.15,182.85,9.977390474717091e-05,0.9996845212974107,0.975,C
196,SKU-0074,Finished good,84,2.0,168.0,9.167085587927106e-05,0.9997761921532899,0.98,C
197,SKU-0107,Sub-assembly,442,0.37,163.54,8.923721291961897e-05,0.9998654293662096,0.985,C
198,SKU-0079,Raw material,144,0.64,92.16,5.028801236805726e-05,0.9999157173785777,0.99,C
199,SKU-0119,Purchased part,89,0.88,78.32000000000001,4.273607995514589e-05,0.9999584534585328,0.995,C
200,SKU-0160,Packaging,54,1.41,76.14,4.154654146814106e-05,1.0000000000000009,1.0,C
