item,inventory_on_hand_units,avg_daily_usage_units,unit_cost,days_of_supply,turns_equiv,inventory_value,band
ITEM-00 (lecture),6000,200,12.0,30.0,12.0,72000.0,15–45 d (healthy)
ITEM-01,3735,362,2.31,10.317679558011049,34.89156626506024,8627.85,< 15 d (risk)
ITEM-02,1343,283,4.28,4.745583038869258,75.86001489203277,5748.04,< 15 d (risk)
ITEM-03,15651,377,4.74,41.51458885941645,8.671650373778032,74185.74,15–45 d (healthy)
ITEM-04,593,40,10.63,14.825,24.283305227655987,6303.59,< 15 d (risk)
ITEM-05,11396,259,4.93,44.0,8.181818181818182,56182.28,15–45 d (healthy)
ITEM-06,2662,161,4.54,16.53416149068323,21.773102930127724,12085.48,15–45 d (healthy)
ITEM-07,7834,152,8.66,51.53947368421053,6.984937452131733,67842.44,45–90 d (high)
ITEM-08,13666,143,5.94,95.56643356643356,3.7670130250256113,81176.04000000001,> 90 d (excess)
ITEM-09,30101,220,13.52,136.82272727272726,2.631141822530813,406965.51999999996,> 90 d (excess)
ITEM-10,373,21,18.65,17.761904761904763,20.268096514745306,6956.45,15–45 d (healthy)
ITEM-11,13644,258,7.92,52.883720930232556,6.807387862796834,108060.48,45–90 d (high)
ITEM-12,13491,103,3.24,130.98058252427185,2.7484989993328885,43710.840000000004,> 90 d (excess)
ITEM-13,4919,387,15.44,12.710594315245478,28.322829843464117,75949.36,< 15 d (risk)
ITEM-14,3550,257,8.87,13.813229571984436,26.061971830985915,31488.499999999996,< 15 d (risk)
ITEM-15,15337,317,4.17,48.381703470031546,7.440829366890526,63955.29,45–90 d (high)
